Displacement,Force
-1.98,2.25
-1.89,3.23
-1.58,6.5
-1.43,9.51
-1.16,12.46
-0.71,15.71
-0.51,18.84
-0.09,22.02
0.02,25.12
0.47,28.27
0.76,31.39
1.09,34.59
1.32,37.74
1.63,40.87
2.05,44.02
2.25,47.2
2.68,50.36
3.01,53.52
3.44,56.71
3.82,59.88
4.13,63.06
4.53,66.24
4.91,69.45
5.27,72.61
5.6,75.81
6.05,79.01
6.47,82.21
6.8,85.41
7.29,88.65
7.63,91.86
8.23,95.09
8.66,98.31
9.06,101.55
9.52,103.35
-1.49,-16.88
-1.56,-19.05
-1.78,-21.15
-2.07,-23.28
-2.18,-25.45
-2.5,-27.56
-2.63,-29.7
-2.88,-31.86
-3.05,-33.99
-3.28,-36.17
-3.63,-38.29
-3.86,-40.46
-4.06,-42.6
-4.19,-44.73
-4.44,-46.91
-4.66,-49.08
-5.02,-51.21
-5.24,-53.38
-6.51,-54.77
-6.0,-46.48
-5.91,-46.39
-1.96,-2.38
-1.45,2.36
-1.25,5.26
-1.02,6.22
-1.11,7.05
-1.83,-5.75
-1.96,-7.62
-2.12,-9.53
-2.38,-11.42
-2.45,-13.3
-2.67,-15.18
-2.92,-17.09
-3.05,-18.96
-3.23,-20.85
-3.3,-22.73
-3.48,-24.61
-3.63,-26.51
-3.95,-28.38
-4.08,-30.26
-4.3,-32.14
-4.37,-34.04
-4.55,-35.91
-4.82,-37.79
-4.99,-39.69
-5.04,-41.56
-5.31,-43.43
-5.51,-45.31
-5.71,-47.2
-5.77,-49.07
-6.06,-50.95
-6.22,-52.85
-6.4,-54.72
-6.58,-56.6
-6.67,-58.47
-7.02,-60.35
-7.14,-62.23
-7.4,-64.09
-7.49,-65.97
-7.72,-67.81
-7.94,-69.68
-8.07,-71.56
-8.41,-73.39
-8.56,-75.27
-8.85,-77.12
-9.1,-78.97
-9.21,-80.82
-9.41,-82.67
-9.7,-84.51
-9.92,-86.36
-10.3,-88.19
-10.53,-90.04
-10.68,-91.88
-10.9,-93.69
-11.31,-95.53
-11.6,-97.34
-11.8,-99.17
-12.06,-101.0
-12.42,-102.8
-12.6,-103.16
-13.56,-102.15
-13.29,-100.27
-13.13,-98.38
-13.05,-96.5
-12.8,-94.62
-12.71,-92.75
-12.42,-90.86
-12.22,-89.01
-12.15,-87.11
-11.89,-85.24
-11.77,-83.37
-11.51,-81.5
-11.35,-79.63
-11.15,-77.78
-10.82,-75.92
-10.75,-74.06
-10.55,-72.2
-10.21,-70.33
-10.08,-68.46
-9.77,-66.61
-9.72,-64.74
-9.41,-62.87
-9.28,-61.0
-9.1,-59.14
-8.79,-57.28
-8.58,-55.41
-8.52,-53.55
-8.32,-51.67
-8.03,-49.79
-7.8,-47.92
-7.58,-46.06
-7.45,-44.19
-7.27,-42.31
-7.09,-40.45
-6.93,-38.58
-6.62,-36.7
-6.53,-34.83
-6.24,-32.96
-6.06,-31.1
-5.82,-29.21
-5.71,-27.35
-5.42,-25.48
-5.37,-23.61
-5.04,-21.74
-4.88,-19.87
-4.7,-17.99
-4.59,-16.12
-4.33,-14.25
-4.08,-12.38
-3.99,-10.5
-3.81,-8.64
-3.54,-6.76
-3.41,-4.88
-3.14,-3.02
-3.05,-1.29
-2.54,2.36
-2.27,4.26
-2.12,6.14
-1.92,8.03
-1.87,9.9
-1.67,11.8
-1.49,13.7
-1.18,15.56
-1.14,17.44
-0.94,19.33
-0.73,21.2
-0.53,23.08
-0.38,24.96
-0.09,26.83
0.02,28.71
0.31,30.6
0.65,34.3
0.8,36.18
1.09,38.06
1.32,39.95
1.52,41.81
1.67,43.69
1.9,45.54
1.99,47.42
2.3,49.28
2.39,51.15
2.72,53.06
2.9,54.88
3.1,56.76
3.21,58.61
3.55,60.48
3.66,62.34
3.97,64.21
4.11,66.06
4.31,67.94
4.6,69.79
4.75,71.65
4.93,73.49
5.18,75.35
5.51,77.22
5.73,79.08
5.98,80.94
6.22,82.78
6.42,84.63
6.67,86.49
6.89,88.32
7.07,90.17
7.38,92.01
7.54,93.86
7.9,95.71
8.12,97.51
8.54,99.25
8.7,101.1
8.95,102.96
9.17,104.79
9.52,106.64
9.79,108.48
10.06,110.28
10.31,112.12
10.62,113.93
10.8,115.75
11.15,115.57
11.4,117.39
11.67,119.23
12.02,121.06
12.34,122.86
12.58,124.67
12.85,126.48
13.12,128.26
13.58,130.06
13.81,131.83
14.3,133.6
14.63,135.36
14.97,137.14
15.32,138.88
16.15,140.47
16.42,142.27
16.91,144.0
17.2,145.73
17.8,147.45
18.18,149.15
18.78,150.83
19.36,152.5
19.9,154.15
20.39,155.78
20.97,157.44
21.72,159.05
22.19,156.81
22.48,158.55
22.93,160.31
23.4,162.01
24.0,163.67
24.62,165.3
25.36,166.89
25.67,167.23
26.47,166.3
26.85,164.09
26.88,162.07
26.9,160.08
27.08,158.01
28.79,157.11
30.0,158.44
31.34,159.66
32.47,161.04
33.7,162.34
34.21,162.68
34.28,160.05
34.46,158.05
34.39,156.05
34.46,154.06
34.64,144.16
34.28,142.34
33.97,140.53
33.77,138.72
33.43,136.89
33.1,135.1
32.65,133.36
32.16,131.6
31.89,129.84
31.4,128.08
31.07,126.32
30.73,124.54
30.29,122.77
29.86,121.01
29.46,119.25
29.11,117.49
28.71,115.72
28.42,113.97
28.01,112.2
27.57,110.44
27.23,108.68
26.85,106.89
26.39,105.13
26.01,103.37
25.65,101.57
25.36,99.83
24.96,98.04
24.65,96.28
24.27,94.49
23.82,92.74
23.49,90.95
23.11,89.18
22.86,87.4
22.51,85.63
22.08,83.84
21.75,82.06
21.48,80.27
21.06,78.48
20.72,76.7
20.41,74.92
20.19,73.12
19.83,71.34
19.41,69.55
19.18,67.76
18.85,65.94
18.49,64.15
18.11,62.37
17.87,60.58
17.51,58.77
17.26,56.96
16.86,55.18
16.66,53.36
16.33,51.57
16.08,49.76
15.75,47.97
15.48,46.17
15.03,44.36
14.74,42.56
14.59,40.76
14.23,38.95
13.94,37.15
13.54,35.32
13.34,33.52
13.05,31.71
12.65,29.89
12.45,28.08
12.16,26.27
11.76,24.46
11.47,22.65
11.15,20.83
10.97,19.01
10.66,17.2
10.31,15.37
10.08,13.55
9.79,11.75
9.52,9.92
9.15,8.11
8.92,6.29
8.63,4.46
8.34,2.67
7.96,0.98
7.72,-0.84
7.47,-2.67
7.14,-4.51
6.92,-6.32
6.74,-8.15
6.4,-9.98
6.18,-11.8
5.8,-13.64
5.6,-15.46
5.22,-17.29
4.98,-19.14
4.71,-20.95
4.4,-22.78
4.13,-24.61
3.95,-26.41
3.57,-28.26
3.37,-30.07
3.1,-31.91
2.81,-33.75
2.41,-35.54
2.28,-37.38
1.99,-39.2
1.59,-41.04
1.25,-42.85
1.07,-44.69
0.8,-46.5
0.43,-48.33
0.11,-50.16
-0.18,-51.97
-0.13,-51.52
-0.13,-49.96
-0.36,-45.91
-0.53,-47.76
-0.8,-49.64
-1.02,-51.51
-1.22,-53.37
-1.4,-55.26
-1.63,-57.1
-1.85,-58.97
-2.07,-60.8
-2.43,-62.65
-2.56,-64.5
-2.9,-66.33
-3.03,-68.18
-3.46,-70.01
-3.59,-71.84
-3.9,-73.67
-4.15,-75.5
-4.48,-77.33
-4.75,-79.16
-5.04,-80.97
-5.31,-82.79
-5.73,-84.61
-6.0,-86.42
-6.27,-88.26
-6.67,-90.05
-6.85,-91.87
-7.29,-93.68
-7.43,-95.5
-7.89,-97.28
-8.16,-99.09
-8.5,-100.89
-8.74,-102.69
-9.12,-104.5
-9.48,-106.29
-9.88,-108.07
-10.28,-109.86
-10.61,-111.64
-10.99,-113.41
-11.35,-115.19
-11.68,-116.96
-12.09,-118.74
-12.4,-120.51
-12.84,-122.27
-13.2,-124.02
-13.71,-125.76
-14.14,-127.49
-14.5,-129.22
-15.01,-130.93
-15.59,-132.65
-16.21,-134.22
-16.64,-135.96
-17.13,-137.67
-17.73,-139.32
-18.2,-140.94
-19.16,-140.38
-19.65,-142.15
-20.14,-143.85
-20.61,-145.49
-21.52,-147.04
-22.41,-148.52
-23.42,-149.19
-24.09,-145.57
-24.6,-147.23
-25.47,-148.72
-26.63,-150.12
-27.74,-151.48
-29.01,-152.78
-30.17,-154.1
-31.38,-155.45
-32.49,-156.76
-33.81,-158.02
-35.13,-159.3
-36.46,-160.53
-37.02,-160.87
-38.05,-157.75
-38.09,-155.75
-37.91,-147.91
-37.62,-146.12
-37.18,-144.33
-36.82,-142.54
-36.53,-140.74
-36.08,-138.97
-35.82,-137.18
-35.33,-135.41
-34.95,-133.63
-34.61,-131.9
-34.26,-130.14
-33.7,-128.41
-33.21,-126.65
-32.96,-124.91
-32.43,-123.17
-32.05,-121.43
-31.58,-119.69
-31.13,-117.94
-30.71,-116.2
-30.46,-114.45
-29.95,-112.71
-29.46,-110.96
-29.1,-109.21
-28.75,-107.47
-28.26,-105.73
-27.74,-103.98
-27.36,-102.22
-27.1,-100.47
-26.54,-98.72
-26.18,-96.97
-25.78,-95.23
-25.33,-93.44
-24.96,-91.72
-24.51,-89.97
-24.13,-88.2
-23.71,-86.45
-23.33,-84.7
-23.04,-82.94
-22.66,-81.2
-22.17,-79.44
-21.81,-77.69
-21.36,-75.93
-21.01,-74.16
-20.72,-72.41
-20.29,-70.64
-19.83,-68.88
-19.6,-67.12
-19.13,-65.37
-18.87,-63.59
-18.38,-61.83
-18.04,-60.06
-17.66,-58.3
-17.35,-56.54
-16.93,-54.76
-16.59,-53.0
-16.32,-51.23
-15.9,-49.46
-15.48,-47.69
-15.19,-45.91
-14.83,-44.11
-14.38,-42.33
-14.12,-40.58
-13.69,-38.82
-13.29,-37.03
-13.05,-35.26
-12.76,-33.49
-12.24,-31.7
-12.0,-29.94
-11.48,-28.15
-11.24,-26.38
-10.82,-24.6
-10.44,-22.81
-10.1,-21.04
-9.7,-19.26
-9.45,-17.47
-8.99,-15.7
-8.65,-13.92
-8.38,-12.13
-7.92,-10.35
-7.54,-8.57
-7.2,-6.77
-6.91,-5.0
-6.62,-3.26
-6.18,-1.58
-5.91,0.19
-5.48,1.97
-5.24,3.76
-4.9,5.55
-4.39,7.34
-4.12,9.13
-3.81,10.92
-3.46,12.7
-2.99,14.48
-2.61,16.27
-2.36,18.06
-2.32,18.24
-1.85,15.87
-1.72,17.76
-1.4,19.56
-0.94,21.34
-0.76,23.17
-0.44,24.99
-0.18,26.83
0.2,28.63
0.51,30.42
0.8,32.23
1.25,34.01
1.45,35.83
1.85,37.6
2.25,39.41
2.66,41.18
3.01,42.98
3.28,44.75
3.73,46.55
4.11,48.32
4.53,50.1
4.86,51.87
5.24,53.65
5.53,55.43
6.05,57.19
6.38,58.95
6.71,60.73
7.07,62.48
7.52,64.25
7.92,66.01
8.3,67.77
8.79,69.53
9.19,71.28
9.52,73.03
10.06,74.81
10.35,76.54
10.84,78.28
11.18,80.03
11.73,81.76
12.16,83.51
12.54,85.25
13.03,86.99
13.38,88.71
13.9,90.44
14.32,92.17
14.81,93.88
15.26,95.63
15.64,97.33
16.15,99.06
16.55,100.77
17.11,102.48
17.6,104.19
17.96,105.9
18.42,107.6
18.91,109.3
19.49,110.99
19.92,112.69
20.48,114.39
21.01,116.07
21.52,117.76
21.95,119.43
22.62,121.1
23.15,122.77
23.66,124.45
24.22,126.1
24.89,127.76
25.36,129.42
26.12,131.08
26.61,132.72
27.21,134.36
27.99,135.98
28.57,137.61
29.2,139.22
29.95,140.83
30.94,143.02
30.58,142.42
30.96,140.27
31.0,138.36
30.62,136.55
30.4,134.73
29.95,132.93
29.64,131.12
29.29,129.37
28.82,127.63
28.57,125.83
28.06,124.08
27.72,122.32
27.34,120.57
26.85,118.8
26.54,117.06
26.07,115.3
25.69,113.53
25.34,111.77
24.96,110.01
24.47,108.27
24.22,106.48
23.84,104.74
23.46,102.98
23.02,101.22
22.62,99.48
22.15,97.71
21.81,95.92
21.41,94.18
21.1,92.42
20.77,90.65
20.3,88.89
19.94,87.13
19.54,85.35
19.27,83.59
18.85,81.81
18.6,80.05
18.25,78.28
17.78,76.49
17.49,74.72
17.13,72.96
16.82,71.19
16.46,69.42
16.04,67.62
15.75,65.85
15.37,64.07
15.08,62.28
14.59,60.51
14.25,58.73
14.01,56.96
13.58,55.18
13.27,53.38
12.94,51.62
12.51,49.83
12.16,48.05
11.8,46.26
11.47,44.48
11.11,42.69
10.75,40.91
10.51,39.12
10.04,37.34
9.81,35.54
9.39,33.77
9.1,31.97
8.7,30.19
8.45,28.4
8.01,26.6
7.65,24.82
7.29,23.04
6.94,21.25
6.69,19.46
6.22,17.67
6.0,15.88
5.6,14.09
5.33,12.3
4.93,10.5
4.6,8.69
4.31,6.9
3.82,5.11
3.55,3.33
3.26,1.54
2.86,-0.14
2.5,-1.92
2.14,-3.69
1.79,-5.48
1.54,-7.28
1.18,-9.08
0.76,-10.87
0.47,-12.66
0.14,-14.47
-0.2,-16.24
-0.58,-18.04
-1.11,-19.77
-1.45,-21.57
-1.65,-23.39
-2.09,-25.21
-2.45,-26.97
-2.7,-28.76
-3.17,-30.55
-3.5,-32.36
-3.77,-34.12
-4.15,-35.93
-4.55,-37.7
-4.86,-39.48
-5.22,-41.27
-5.69,-43.04
-6.06,-44.83
-6.33,-46.6
-6.82,-48.39
-7.09,-50.15
-7.49,-51.95
-7.87,-53.7
-8.32,-55.47
-8.74,-57.24
-9.12,-59.01
-9.41,-60.76
-9.83,-62.53
-10.3,-64.3
-10.59,-66.04
-10.99,-67.81
-11.39,-69.59
-11.82,-71.34
-12.31,-73.07
-12.76,-74.82
-13.18,-76.57
-13.42,-78.32
-14.05,-80.04
-14.47,-81.8
-14.83,-83.53
-15.21,-85.27
-15.63,-87.0
-16.17,-88.73
-16.59,-90.46
-16.99,-92.2
-17.33,-93.92
-17.93,-95.63
-18.35,-97.36
-18.78,-99.06
-19.16,-100.78
-19.69,-102.49
-20.25,-104.21
-20.67,-105.89
-21.23,-107.6
-21.72,-109.31
-22.1,-111.01
-22.72,-112.71
-23.15,-114.39
-23.8,-116.07
-24.33,-117.76
-24.89,-119.42
-25.42,-121.1
-25.96,-122.78
-26.38,-124.44
-27.07,-126.1
-27.59,-127.75
-28.32,-129.4
-28.9,-131.06
-29.39,-132.71
-30.08,-134.35
-30.71,-136.01
-31.33,-137.62
-31.82,-139.25
-32.54,-140.87
-33.18,-142.48
-33.63,-143.1
-33.79,-140.26
-33.47,-138.44
-33.03,-136.66
-32.83,-134.88
-32.47,-133.05
-32.14,-131.29
-31.67,-129.5
-31.31,-127.71
-30.98,-125.97
-30.53,-124.23
-30.2,-122.47
-29.75,-120.71
-29.37,-118.96
-28.88,-117.21
-28.59,-115.47
-28.03,-113.71
-27.68,-111.97
-27.32,-110.21
-26.92,-108.46
-26.4,-106.72
-26.09,-104.94
-25.53,-103.2
-25.31,-101.44
-24.8,-99.68
-24.38,-97.94
-24.13,-96.17
-23.59,-94.42
-23.19,-92.66
-22.9,-90.9
-22.39,-89.14
-22.08,-87.39
-21.61,-85.64
-21.3,-83.85
-20.99,-82.12
-20.56,-80.36
-20.18,-78.59
-19.74,-76.84
-19.49,-75.05
-19.11,-73.3
-18.75,-71.53
-18.33,-69.77
-18.04,-68.0
-17.64,-66.22
-17.13,-64.47
-16.97,-62.69
-16.48,-60.92
-16.15,-59.15
-15.9,-57.38
-15.54,-55.59
-15.19,-53.82
-14.85,-52.05
-14.41,-50.27
-14.12,-48.49
-13.76,-46.71
-13.31,-44.91
-13.09,-43.14
-12.71,-41.36
-12.33,-39.58
-11.93,-37.8
-11.66,-36.01
-11.15,-34.24
-10.9,-32.45
-10.5,-30.68
-10.12,-28.88
-9.92,-27.1
-9.54,-25.31
-9.21,-23.52
-8.76,-21.74
-8.54,-19.93
-8.16,-18.16
-7.69,-16.38
-7.49,-14.6
-7.0,-12.81
-6.67,-11.02
-6.4,-9.24
-5.98,-7.44
-5.66,-5.67
-5.37,-3.86
-4.95,-2.22
-4.61,-0.45
-4.39,1.36
-3.95,3.17
-3.57,4.93
-3.37,6.71
-3.01,8.53
-2.56,10.31
-2.21,12.09
-2.18,12.27
-2.03,10.02
-1.8,11.88
-1.6,13.75
-1.29,15.57
-1.05,17.4
-0.71,19.21
-0.33,21.0
-0.02,22.83
0.2,24.62
0.65,26.43
1.03,28.24
1.36,30.02
1.67,31.8
1.99,33.61
2.43,35.41
2.79,37.19
3.17,38.97
3.46,40.77
3.84,42.54
4.22,44.32
4.48,46.1
4.89,47.89
5.38,49.66
5.62,51.43
6.11,53.22
6.36,54.98
6.76,56.74
7.25,58.52
7.65,60.29
7.92,62.05
8.37,63.82
8.77,65.58
9.17,67.36
9.46,69.1
9.86,70.86
10.37,72.62
10.82,74.39
11.11,76.16
11.64,77.89
12.02,79.63
12.36,81.38
12.76,83.13
13.23,84.88
13.74,86.61
14.07,88.36
14.54,90.1
14.88,91.83
15.35,93.57
15.86,95.31
16.22,97.02
16.66,98.76
17.2,100.49
17.55,102.2
18.02,103.95
18.54,105.64
18.96,107.36
19.45,109.06
19.85,110.78
20.45,112.48
20.88,114.17
21.39,115.87
21.86,117.57
22.33,119.28
22.93,120.96
23.35,122.63
23.98,124.34
24.42,126.01
24.98,127.69
25.52,129.38
26.14,131.05
26.72,132.7
27.3,134.38
27.84,136.02
28.59,137.66
29.11,139.3
29.82,140.92
30.4,142.55
31.07,144.19
31.81,145.77
32.45,147.36
33.25,148.94
34.1,150.48
34.82,152.01
35.78,153.51
36.78,154.93
37.69,156.39
38.79,157.78
39.92,159.16
41.22,160.46
42.8,161.68
44.45,162.64
45.97,163.79
47.68,164.88
48.55,165.31
48.67,162.37
48.62,152.46
48.31,150.66
48.02,148.87
47.75,147.1
47.31,145.32
46.97,143.59
46.44,141.85
46.1,140.14
45.59,138.42
45.1,136.7
44.63,134.97
44.27,133.24
43.71,131.55
43.22,129.83
42.8,128.12
42.4,126.4
41.89,124.67
41.28,122.96
40.95,121.26
40.44,119.54
39.95,117.82
39.5,116.11
38.9,114.4
38.43,112.68
38.03,110.97
37.54,109.26
36.96,107.53
36.49,105.83
36.0,104.12
35.6,102.4
35.13,100.69
34.64,98.97
34.19,97.24
33.57,95.54
33.12,93.82
32.7,92.11
32.16,90.38
31.69,88.68
31.31,86.95
30.87,85.24
30.36,83.51
29.78,81.81
29.35,80.07
28.97,78.34
28.48,76.63
27.95,74.91
27.59,73.18
27.1,71.45
26.52,69.74
26.12,67.97
25.65,66.29
25.11,64.56
24.69,62.83
24.31,61.08
23.8,59.35
23.35,57.63
22.86,55.88
22.42,54.16
22.1,52.43
21.55,50.7
21.17,48.95
20.79,47.23
20.34,45.5
19.87,43.75
19.41,42.02
19.12,40.29
18.69,38.54
18.18,36.82
17.8,35.07
17.46,33.32
17.06,31.58
16.59,29.85
16.1,28.09
15.73,26.36
15.39,24.61
14.88,22.85
14.54,21.12
14.12,19.37
13.74,17.64
13.2,15.89
12.94,14.15
12.4,12.39
12.07,10.64
11.55,8.91
11.18,7.15
10.73,5.4
10.26,3.66
9.93,2.06
9.64,0.3
9.23,-1.48
8.83,-3.22
8.3,-4.97
8.01,-6.73
7.5,-8.48
7.23,-10.24
6.83,-11.99
6.31,-13.76
6.0,-15.5
5.58,-17.25
5.04,-19.01
4.66,-20.78
4.24,-22.51
3.79,-24.29
3.41,-26.04
3.06,-27.79
2.66,-29.55
2.12,-31.29
1.74,-33.07
1.3,-34.81
0.85,-36.56
0.45,-38.32
0.05,-40.06
-0.51,-41.73
-0.94,-43.53
-1.25,-45.28
-1.65,-47.04
-2.18,-48.79
-2.52,-50.54
-2.99,-52.29
-3.41,-54.05
-3.9,-55.79
-4.3,-57.53
-4.84,-59.28
-5.22,-61.01
-5.6,-62.77
-6.18,-64.51
-6.51,-66.22
-6.93,-67.96
-7.54,-69.7
-7.92,-71.42
-8.32,-73.14
-8.9,-74.88
-9.3,-76.58
-9.72,-78.32
-10.24,-80.04
-10.73,-81.77
-11.15,-83.47
-11.64,-85.19
-12.13,-86.91
-12.71,-88.62
-13.13,-90.34
-13.6,-92.04
-14.18,-93.75
-14.65,-95.46
-15.14,-97.17
-15.68,-98.86
-16.12,-100.54
-16.52,-102.24
-17.04,-103.94
-17.53,-105.63
-18.04,-107.32
-18.67,-108.99
-19.2,-110.69
-19.76,-112.37
-20.12,-114.04
-20.7,-115.71
-21.25,-117.38
-21.92,-119.05
-22.35,-120.72
-22.97,-122.37
-23.64,-124.02
-24.26,-125.65
-24.78,-127.29
-25.49,-128.94
-26.11,-130.58
-26.56,-132.19
-27.32,-133.84
-27.94,-135.44
-28.7,-137.07
-29.39,-138.68
-30.04,-140.28
-30.69,-141.89
-31.45,-143.48
-32.14,-145.05
-32.83,-146.62
-33.76,-148.17
-34.34,-149.72
-35.35,-151.27
-36.11,-152.78
-36.98,-154.27
-37.94,-155.73
-39.01,-157.2
-39.99,-158.63
-41.15,-160.01
-42.24,-161.38
-43.33,-162.69
-44.8,-163.96
-46.14,-165.16
-47.75,-166.33
-49.35,-167.39
-50.85,-168.24
-51.07,-168.37
-51.09,-166.31
-51.32,-164.31
-51.36,-162.31
-51.29,-160.31
-51.09,-158.41
-50.8,-156.6
-50.42,-154.85
-50.22,-153.07
-49.82,-151.31
-49.31,-149.51
-49.04,-147.77
-48.69,-146.01
-48.28,-144.29
-47.59,-142.56
-47.32,-140.85
-46.81,-139.13
-46.41,-137.41
-45.9,-135.71
-45.3,-134.0
-44.78,-132.27
-44.29,-130.57
-43.87,-128.87
-43.33,-127.15
-42.82,-125.45
-42.33,-123.74
-41.82,-122.03
-41.28,-120.33
-40.83,-118.62
-40.46,-116.92
-39.85,-115.2
-39.34,-113.48
-39.01,-111.79
-38.45,-110.08
-38.02,-108.37
-37.33,-106.67
-36.91,-104.97
-36.51,-103.26
-36.04,-101.54
-35.44,-99.85
-34.97,-98.13
-34.57,-96.41
-34.05,-94.71
-33.43,-93.0
-33.12,-91.29
-32.56,-89.57
-31.98,-87.88
-31.58,-86.16
-31.0,-84.45
-30.58,-82.76
-30.17,-81.05
-29.64,-79.33
-29.01,-77.62
-28.7,-75.92
-28.21,-74.21
-27.59,-72.49
-27.21,-70.79
-26.76,-69.08
-26.2,-67.33
-25.8,-65.64
-25.24,-63.94
-24.87,-62.22
-24.38,-60.51
-23.8,-58.8
-23.46,-57.08
-22.88,-55.38
-22.37,-53.66
-21.9,-51.92
-21.56,-50.22
-21.1,-48.5
-20.67,-46.8
-20.23,-45.08
-19.67,-43.36
-19.13,-41.63
-18.84,-39.91
-18.26,-38.19
-17.93,-36.49
-17.35,-34.76
-16.95,-33.03
-16.61,-31.33
-16.17,-29.58
-15.72,-27.87
-15.19,-26.15
-14.74,-24.43
-14.36,-22.7
-13.85,-20.99
-13.31,-19.26
-12.98,-17.54
-12.49,-15.82
-12.02,-14.09
-11.62,-12.36
-11.15,-10.63
-10.68,-8.92
-10.21,-7.19
-9.77,-5.45
-9.19,-3.89
-8.9,-2.15
-8.38,-0.41
-7.92,1.33
-7.45,3.06
-7.11,4.8
-6.56,6.53
-6.09,8.25
-5.71,9.99
-5.31,11.73
-4.84,13.46
-4.26,15.17
-3.88,16.94
-3.34,18.66
-2.92,20.38
-2.45,22.11
-2.3,22.03
-2.38,20.15
-2.63,18.29
-2.94,16.47
-3.21,14.65
-3.41,12.82
-3.83,11.0
-4.12,9.18
-4.33,7.37
-4.61,5.56
-4.99,3.77
-5.42,1.95
-5.62,0.15
-5.93,-1.66
-6.53,-5.16
-6.35,-3.35
-6.0,-1.62
-5.82,0.22
-5.46,2.03
-5.33,3.86
-4.97,5.7
-4.75,7.53
-4.35,9.35
-4.15,11.17
-3.81,12.98
-3.57,14.82
-3.28,16.63
-2.92,18.44
-2.65,20.24
-2.25,22.04
-1.89,23.86
-1.63,25.64
-1.18,27.44
-0.78,29.21
-0.42,30.99
-0.15,32.77
0.22,34.52
0.63,36.3
1.05,38.05
1.47,39.81
2.01,41.55
2.41,43.31
2.72,45.05
3.24,46.82
3.61,48.53
4.15,50.29
4.53,52.0
4.98,53.74
5.47,55.49
6.02,57.19
6.47,58.93
6.96,60.66
7.43,62.36
7.9,64.09
8.32,65.82
8.88,67.51
9.37,69.22
9.75,70.93
10.22,72.65
10.82,74.35
11.38,76.06
11.78,77.76
12.31,79.44
12.78,81.13
13.41,82.82
13.94,84.51
14.36,86.19
14.92,87.87
15.39,89.55
16.06,91.24
16.53,92.91
17.15,94.57
17.58,96.24
18.13,97.9
18.78,99.55
19.27,101.2
19.92,102.85
20.54,104.5
21.03,106.15
21.75,107.78
22.19,109.42
22.86,111.05
23.53,112.69
24.16,114.3
24.82,115.91
25.45,117.52
26.23,119.13
26.85,120.74
27.63,122.33
28.21,123.93
29.0,125.51
29.66,127.11
30.44,128.68
31.2,130.27
31.98,131.82
32.79,133.37
33.46,134.93
34.33,136.47
35.22,138.01
35.89,139.54
36.78,141.09
37.67,142.58
38.45,144.09
39.3,145.59
40.32,147.08
41.11,148.58
42.11,150.05
43.16,151.5
44.07,152.94
45.03,154.37
46.06,155.77
47.13,157.15
48.24,158.51
48.42,158.7
48.29,152.62
47.93,150.84
47.62,149.06
47.28,147.28
46.79,145.57
46.3,143.85
46.01,142.13
45.37,140.43
44.99,138.69
44.54,137.0
44.14,135.3
43.49,133.57
43.02,131.87
42.58,130.17
42.15,128.47
41.66,126.76
41.17,125.06
40.55,123.36
40.03,121.66
39.52,119.96
39.03,118.24
38.59,116.56
38.03,114.84
37.51,113.14
37.05,111.46
36.47,109.75
36.0,108.05
35.62,106.34
34.95,104.64
34.5,102.94
34.06,101.24
33.48,99.54
32.94,97.84
32.52,96.14
31.92,94.43
31.6,92.72
31.05,91.03
30.6,89.32
30.04,87.62
29.51,85.9
28.95,84.2
28.44,82.49
28.13,80.78
27.63,79.08
26.99,77.36
26.52,75.62
26.1,73.94
25.65,72.23
25.11,70.52
24.69,68.79
24.07,67.09
23.69,65.37
23.13,63.65
22.8,61.94
22.3,60.22
21.72,58.5
21.39,56.78
20.88,55.06
20.34,53.35
19.98,51.63
19.47,49.92
19.03,48.19
18.58,46.46
18.18,44.75
17.67,43.02
17.33,41.3
16.8,39.57
16.42,37.84
15.9,36.12
15.46,34.4
14.97,32.66
14.65,30.93
14.21,29.22
13.74,27.48
13.25,25.75
12.85,24.04
12.31,22.29
11.96,20.57
11.55,18.86
11.06,17.12
10.62,15.4
10.17,13.68
9.75,11.94
9.26,10.2
8.83,8.48
8.37,6.71
7.83,4.99
7.38,3.27
7.05,1.65
6.65,-0.06
6.22,-1.82
5.69,-3.54
5.31,-5.28
4.77,-6.99
4.44,-8.76
3.93,-10.49
3.53,-12.22
3.15,-13.97
2.59,-15.72
2.19,-17.44
1.79,-19.18
1.3,-20.92
0.87,-22.65
0.34,-24.39
-0.13,-26.14
-0.36,-26.77
-0.85,-27.77
-1.16,-29.54
-1.58,-31.3
-1.96,-33.05
-2.43,-34.8
-2.83,-36.54
-3.37,-38.28
-3.72,-40.01
-4.12,-41.74
-4.73,-43.48
-5.13,-45.22
-5.62,-46.95
-6.0,-48.68
-6.53,-50.41
-7.02,-52.16
-7.43,-53.88
-7.92,-55.6
-8.41,-57.33
-8.85,-59.06
-9.25,-60.77
-9.72,-62.5
-10.3,-64.21
-10.73,-65.92
-11.22,-67.64
-11.62,-69.36
-12.13,-71.08
-12.62,-72.77
-13.22,-74.48
-13.56,-76.19
-14.16,-77.9
-14.58,-79.59
-15.07,-81.29
-15.7,-83.0
-16.08,-84.69
-16.55,-86.37
-17.17,-88.07
-17.55,-89.76
-18.2,-91.45
-18.71,-93.13
-19.22,-94.8
-19.76,-96.48
-20.18,-98.15
-20.85,-99.82
-21.36,-101.48
-21.99,-103.13
-22.55,-104.79
-23.06,-106.45
-23.68,-108.11
-24.35,-109.77
-24.84,-111.39
-25.45,-113.04
-26.16,-114.67
-26.83,-116.3
-27.39,-117.93
-28.12,-119.54
-28.72,-121.15
-29.3,-122.77
-30.13,-124.38
-30.8,-125.98
-31.42,-127.59
-32.2,-129.2
-32.85,-130.77
-33.52,-132.35
-34.28,-133.96
-34.95,-135.52
-35.73,-137.08
-36.6,-138.65
-37.31,-140.2
-38.07,-141.74
-39.01,-143.31
-39.85,-144.81
-40.61,-146.36
-41.41,-147.87
-42.31,-149.4
-43.11,-150.89
-44.07,-152.38
-45.01,-153.87
-45.81,-155.34
-46.95,-156.8
-47.99,-158.23
-48.84,-159.64
-49.87,-161.03
-50.83,-162.08
-51.07,-162.39
-51.29,-160.31
-51.32,-158.31
-51.25,-157.14
-51.38,-156.3
-51.32,-156.15
-51.36,-155.11
-51.36,-154.31
-51.12,-152.51
-50.71,-150.72
-50.38,-148.97
-50.02,-147.2
-49.49,-145.45
-49.15,-143.68
-48.82,-141.92
-48.22,-140.23
-47.9,-138.5
-47.46,-136.78
-46.99,-135.07
-46.43,-133.36
-45.94,-131.67
-45.43,-129.94
-44.94,-128.25
-44.54,-126.53
-43.89,-124.84
-43.53,-123.12
-43.06,-121.42
-42.51,-119.71
-41.95,-118.0
-41.55,-116.3
-41.01,-114.6
-40.41,-112.87
-39.94,-111.19
-39.41,-109.48
-38.98,-107.78
-38.54,-106.06
-37.98,-104.37
-37.6,-102.68
-37.09,-100.96
-36.51,-99.25
-36.11,-97.54
-35.5,-95.83
-35.13,-94.13
-34.59,-92.41
-34.03,-90.71
-33.61,-88.99
-32.94,-87.29
-32.63,-85.59
-32.11,-83.88
-31.58,-82.17
-31.04,-80.46
-30.66,-78.77
-30.17,-77.06
-29.62,-75.34
-29.06,-73.63
-28.7,-71.92
-28.28,-70.21
-27.74,-68.49
-27.32,-66.79
-26.72,-65.08
-26.2,-63.36
-25.82,-61.65
-25.38,-59.93
-24.78,-58.23
-24.42,-56.51
-23.84,-54.81
-23.51,-52.96
-23.04,-51.37
-22.41,-49.66
-21.99,-47.95
-21.52,-46.21
-21.12,-44.52
-20.58,-42.8
-20.25,-41.09
-19.71,-39.37
-19.27,-37.66
-18.78,-35.93
-18.42,-34.21
-17.97,-32.48
-17.39,-30.77
-17.06,-29.06
-16.44,-27.34
-16.17,-25.63
-15.65,-23.91
-15.3,-22.19
-14.74,-20.46
-14.29,-18.75
-13.78,-17.03
-13.31,-15.31
-12.87,-13.59
-12.38,-11.86
-12.02,-10.16
-11.46,-8.42
-10.97,-6.7
-10.53,-5.03
-10.21,-3.41
-9.68,-1.67
-9.25,0.06
-8.85,1.77
-8.41,3.52
-7.83,5.25
-7.36,6.97
-7.05,8.7
-6.47,10.44
-6.06,12.15
-5.53,13.89
-5.06,15.61
-4.59,17.35
-4.08,19.07
-3.63,20.8
-3.17,22.54
-2.67,24.23
-2.34,25.31
-1.83,25.78
-1.45,27.56
-1.02,29.31
-0.73,31.07
-0.24,32.79
0.29,34.53
0.69,36.28
1.3,37.97
1.74,39.7
2.23,41.43
2.66,43.14
3.15,44.85
3.66,46.56
4.24,48.28
4.75,49.98
5.27,51.68
5.76,53.4
6.16,55.09
6.69,56.79
7.34,58.51
7.83,60.19
8.37,61.88
8.86,63.57
9.3,65.25
9.81,66.95
10.37,68.64
11.0,70.31
11.42,71.99
11.98,73.69
12.6,75.36
13.2,77.03
13.65,78.7
14.28,80.38
14.83,82.05
15.37,83.72
15.88,85.38
16.44,87.03
17.09,88.69
17.53,90.34
18.09,91.99
18.78,93.64
19.27,95.29
19.96,96.94
20.45,98.58
21.08,100.21
21.81,101.84
22.3,103.47
23.0,105.09
23.62,106.72
24.27,108.34
24.96,109.95
25.61,111.56
26.34,113.19
26.99,114.78
27.57,116.38
28.39,117.97
29.02,119.56
29.82,121.15
30.44,122.73
31.18,124.31
32.05,125.91
32.68,127.48
33.5,129.04
34.3,130.59
35.06,132.15
35.8,133.69
36.73,135.24
37.56,136.77
38.21,138.3
39.12,139.83
39.99,141.34
40.86,142.87
41.66,144.37
42.64,145.88
43.45,147.36
44.36,148.84
45.43,150.3
46.32,151.75
47.22,153.2
48.22,154.61
49.36,156.02
50.29,157.38
51.48,158.71
52.57,160.01
53.82,161.24
55.16,162.42
56.67,163.49
58.28,164.54
60.02,165.27
60.24,165.44
62.34,166.25
64.75,166.95
65.79,164.46
65.77,162.46
65.88,160.47
65.84,158.48
65.93,156.47
65.88,154.58
65.42,152.81
65.06,151.05
64.66,149.3
64.19,147.54
63.63,145.87
63.07,144.17
62.56,142.49
62.03,140.81
61.49,139.11
61.0,137.43
60.42,135.76
59.91,134.09
59.42,132.4
58.86,130.71
58.32,129.05
57.81,127.38
57.39,125.72
56.85,124.05
56.32,122.36
55.8,120.69
55.33,119.01
54.84,117.34
54.35,115.68
53.82,114.01
53.28,112.33
52.77,110.65
52.35,108.99
51.79,107.32
51.19,105.64
50.65,103.98
50.18,102.31
49.71,100.63
49.13,98.99
48.51,97.32
48.02,95.65
47.35,93.98
46.88,92.33
46.3,90.66
45.7,89.0
45.14,87.34
44.61,85.68
43.96,84.02
43.49,82.35
42.8,80.69
42.35,79.04
41.8,77.38
41.11,75.73
40.55,74.06
39.88,72.41
39.43,70.76
38.7,69.1
38.09,67.46
37.56,65.81
36.91,64.13
36.42,62.5
35.73,60.83
35.11,59.18
34.46,57.54
33.88,55.88
33.3,54.23
32.74,52.54
32.18,50.9
31.52,49.23
30.89,47.59
30.33,45.93
29.84,44.27
29.13,42.63
28.55,40.97
28.08,39.31
27.48,37.66
26.79,35.99
26.27,34.34
25.74,32.69
25.03,31.04
24.62,29.38
23.91,27.71
23.35,26.07
22.86,24.39
22.22,22.75
21.72,21.08
21.06,19.42
20.56,17.76
19.94,16.1
19.38,14.44
18.94,12.77
18.33,11.12
17.8,9.46
17.24,7.8
16.68,6.17
16.17,4.61
15.68,2.93
15.17,1.27
14.63,-0.42
14.01,-2.09
13.43,-3.75
13.03,-5.42
12.42,-7.1
11.89,-8.76
11.22,-10.42
10.71,-12.09
10.17,-13.77
9.59,-15.45
9.15,-17.12
8.52,-18.77
7.96,-20.46
7.41,-22.13
6.76,-23.8
6.22,-25.48
5.64,-27.15
5.18,-28.81
4.64,-30.49
4.04,-32.17
3.44,-33.84
2.86,-35.52
2.19,-37.19
1.7,-38.85
1.14,-40.53
0.45,-42.21
0.0,-42.92
-0.44,-43.67
-0.85,-45.43
-1.43,-47.14
-1.94,-48.83
-2.5,-50.51
-3.01,-52.2
-3.63,-53.87
-4.15,-55.54
-4.73,-57.23
-5.44,-58.88
-6.0,-60.55
-6.51,-62.22
-7.05,-63.86
-7.67,-65.52
-8.23,-67.18
-8.99,-68.84
-9.59,-70.5
-10.06,-72.14
-10.7,-73.8
-11.28,-75.44
-11.91,-77.08
-12.51,-78.73
-13.09,-80.38
-13.83,-82.02
-14.43,-83.65
-15.01,-85.3
-15.54,-86.94
-16.28,-88.57
-16.81,-90.21
-17.46,-91.83
-18.04,-93.46
-18.71,-95.08
-19.33,-96.69
-20.03,-98.3
-20.49,-99.92
-21.12,-101.56
-21.79,-103.15
-22.57,-104.75
-23.24,-106.36
-23.82,-107.97
-24.49,-109.57
-25.18,-111.16
-25.96,-112.74
-26.78,-114.33
-27.45,-115.91
-28.12,-117.48
-28.88,-119.07
-29.55,-120.64
-30.44,-122.22
-31.2,-123.79
-31.8,-125.35
-32.65,-126.91
-33.32,-128.45
-34.14,-130.01
-34.97,-131.55
-35.88,-133.09
-36.62,-134.65
-37.49,-136.17
-38.27,-137.69
-39.14,-139.21
-39.92,-140.72
-40.83,-142.25
-41.73,-143.75
-42.69,-145.24
-43.6,-146.73
-44.45,-148.22
-45.43,-149.69
-46.41,-151.17
-47.19,-152.63
-48.15,-154.06
-49.31,-155.5
-50.22,-156.89
-51.27,-158.29
-52.34,-159.64
-53.61,-160.96
-54.6,-162.24
-56.07,-163.4
-57.54,-164.54
-58.9,-165.68
-60.53,-166.73
-62.07,-167.46
-62.53,-167.68
-64.65,-168.51
-66.88,-169.23
-68.62,-166.4
-68.56,-164.42
-68.53,-162.43
-68.4,-160.61
-68.09,-158.84
-67.62,-157.08
-67.13,-155.33
-66.86,-153.58
-66.46,-151.83
-66.01,-150.09
-65.41,-148.42
-64.9,-146.72
-64.39,-145.01
-63.69,-143.33
-63.11,-141.62
-62.71,-139.93
-62.04,-138.24
-61.67,-136.57
-61.06,-134.88
-60.64,-133.2
-59.97,-131.52
-59.37,-129.85
-59.06,-128.16
-58.48,-126.48
-57.94,-124.81
-57.47,-123.13
-56.85,-121.46
-56.54,-119.79
-55.82,-118.11
-55.42,-116.44
-55.02,-114.77
-54.51,-113.08
-54.02,-111.43
-53.48,-109.75
-52.9,-108.08
-52.5,-106.4
-51.9,-104.74
-51.21,-103.08
-50.78,-101.42
-50.18,-99.73
-49.58,-98.09
-49.0,-96.42
-48.48,-94.76
-47.97,-93.09
-47.53,-91.45
-46.74,-89.77
-46.32,-88.12
-45.56,-86.45
-45.07,-84.78
-44.56,-83.15
-44.02,-81.49
-43.27,-79.82
-42.8,-78.19
-42.15,-76.54
-41.64,-74.87
-40.97,-73.22
-40.39,-71.58
-39.79,-69.93
-39.21,-68.27
-38.54,-66.64
-37.87,-64.96
-37.29,-63.34
-36.71,-61.66
-36.24,-60.03
-35.64,-58.38
-35.06,-56.73
-34.46,-55.08
-33.81,-53.44
-33.18,-51.81
-32.6,-50.13
-32.0,-48.5
-31.45,-46.84
-30.73,-45.21
-30.17,-43.57
-29.62,-41.92
-28.88,-40.29
-28.21,-38.63
-27.72,-36.99
-27.19,-35.35
-26.43,-33.68
-25.8,-32.04
-25.33,-30.4
-24.78,-28.75
-24.04,-27.11
-23.46,-25.47
-22.84,-23.82
-22.35,-22.19
-21.56,-20.56
-21.14,-18.91
-20.52,-17.27
-19.87,-15.64
-19.22,-14.0
-18.67,-12.36
-18.02,-10.72
-17.44,-9.09
-16.99,-7.55
-16.39,-5.93
-15.77,-4.28
-15.25,-2.62
-14.72,-0.97
-14.12,0.67
-13.54,2.33
-12.91,3.98
-12.38,5.61
-11.64,7.26
-10.99,8.9
-10.55,10.58
-9.86,12.21
-9.25,13.86
-8.7,15.52
-8.0,17.17
-7.45,18.82
-6.78,20.49
-6.27,22.12
-5.51,23.78
-4.93,25.41
-4.3,27.07
-3.68,28.71
-3.12,30.36
-2.14,31.84
-1.56,33.56
-1.18,35.25
-0.56,36.91
0.14,38.57
0.72,40.23
1.36,41.87
1.92,43.5
2.7,45.14
3.24,46.78
3.93,48.41
4.62,50.06
5.2,51.68
5.82,53.31
6.49,54.95
7.27,56.57
7.83,58.2
8.41,59.82
9.1,61.43
9.75,63.06
10.51,64.67
11.15,66.28
11.84,67.89
12.42,69.5
13.07,71.11
13.76,72.73
14.45,74.33
15.1,75.93
15.81,77.52
16.44,79.12
17.24,80.72
17.78,82.32
18.56,83.9
19.2,85.5
19.87,87.08
20.52,88.67
21.3,90.24
21.95,91.81
22.66,93.4
23.46,94.96
24.24,96.52
25.03,98.09
25.83,99.65
26.61,101.19
27.28,102.76
28.1,104.3
28.95,105.85
29.62,107.38
30.6,108.93
31.29,110.45
32.12,112.0
33.01,113.52
33.88,115.05
34.68,116.55
35.64,118.05
36.38,119.57
37.34,121.07
38.27,122.57
39.14,124.07
40.03,125.55
40.9,127.04
41.84,128.5
42.91,129.99
43.85,131.47
44.74,132.91
45.66,134.37
46.59,135.81
47.68,137.26
48.55,138.71
49.47,140.13
50.43,141.53
51.43,142.94
52.39,144.36
53.44,145.74
54.38,147.1
55.42,148.48
56.61,149.81
57.52,151.15
58.75,152.47
59.93,153.76
61.27,155.05
62.76,156.29
64.17,157.5
65.59,158.69
66.02,158.96
66.13,156.47
66.11,150.63
65.59,148.87
65.19,147.1
64.81,145.35
64.3,143.64
63.74,141.95
63.21,140.27
62.65,138.59
62.11,136.91
61.71,135.22
61.02,133.55
60.46,131.86
60.02,130.19
59.46,128.52
58.99,126.84
58.37,125.17
57.79,123.5
57.41,121.82
56.85,120.17
56.38,118.5
55.8,116.82
55.36,115.16
54.82,113.49
54.4,111.81
53.77,110.16
53.22,108.49
52.7,106.81
52.26,105.13
51.74,103.47
51.23,101.81
50.56,100.13
50.07,98.45
49.6,96.81
48.96,95.14
48.55,93.48
47.86,91.8
47.26,90.15
46.84,88.49
46.1,86.83
45.68,85.15
45.12,83.5
44.56,81.85
43.87,80.19
43.27,78.53
42.76,76.86
42.11,75.22
41.6,73.55
41.02,71.91
40.3,70.26
39.7,68.61
39.17,66.95
38.54,65.3
37.87,63.64
37.38,61.99
36.76,60.35
36.2,58.68
35.55,57.04
34.88,55.38
34.3,53.73
33.7,52.06
33.08,50.4
32.5,48.76
31.92,47.11
31.38,45.46
30.69,43.81
30.22,42.15
29.6,40.51
28.91,38.85
28.3,37.19
27.7,35.56
27.08,33.9
26.56,32.25
25.9,30.61
25.27,28.96
24.67,27.29
24.2,25.66
23.44,24.02
22.88,22.37
22.37,20.73
21.75,19.08
21.14,17.45
20.52,15.78
20.01,14.15
19.41,12.51
18.8,10.86
18.29,9.22
17.69,7.57
17.11,6.05
16.53,4.43
16.1,2.77
15.48,1.12
14.86,-0.55
14.32,-2.2
13.61,-3.83
13.09,-5.47
12.49,-7.12
11.87,-8.78
11.33,-10.4
10.64,-12.04
9.99,-13.68
9.39,-15.34
8.77,-16.97
8.23,-18.62
7.54,-20.26
6.94,-21.9
6.34,-23.55
5.73,-25.18
5.06,-26.82
4.42,-28.46
3.88,-30.09
3.17,-31.74
2.45,-33.38
1.94,-35.03
1.36,-36.67
0.56,-38.3
-0.09,-39.89
-0.67,-41.56
-1.4,-43.18
-2.05,-44.82
-2.7,-46.45
-3.28,-48.08
-3.99,-49.72
-4.68,-51.34
-5.37,-52.98
-6.04,-54.6
-6.58,-56.23
-7.34,-57.84
-8.05,-59.46
-8.61,-61.09
-9.37,-62.69
-9.97,-64.31
-10.61,-65.91
-11.35,-67.51
-12.0,-69.12
-12.73,-70.71
-13.49,-72.33
-14.16,-73.92
-14.87,-75.49
-15.52,-77.09
-16.23,-78.68
-16.93,-80.27
-17.6,-81.85
-18.17,-83.45
-19.0,-85.05
-19.74,-86.61
-20.34,-88.17
-21.14,-89.74
-21.85,-91.31
-22.59,-92.89
-23.37,-94.43
-24.09,-96.0
-24.78,-97.55
-25.53,-99.11
-26.43,-100.65
-27.23,-102.21
-27.97,-103.76
-28.7,-105.29
-29.62,-106.84
-30.44,-108.37
-31.18,-109.91
-32.09,-111.44
-32.78,-112.97
-33.63,-114.48
-34.46,-116.01
-35.37,-117.53
-36.35,-119.04
-37.18,-120.53
-38.09,-122.05
-38.89,-123.53
-39.81,-125.02
-40.63,-126.5
-41.59,-128.0
-42.6,-129.47
-43.47,-130.96
-44.47,-132.44
-45.41,-133.89
-46.21,-135.36
-47.24,-136.81
-48.22,-138.26
-49.06,-139.71
-50.09,-141.14
-50.98,-142.58
-51.94,-143.99
-52.99,-145.41
-54.06,-146.82
-54.93,-148.21
-56.04,-149.6
-56.98,-150.98
-58.12,-152.34
-59.19,-153.7
-60.3,-155.0
-61.6,-156.31
-62.71,-157.58
-64.1,-158.85
-65.72,-160.08
-66.97,-161.26
-68.33,-162.09
-68.58,-154.59
-68.18,-152.83
-67.82,-151.08
-67.29,-149.34
-66.97,-147.59
-66.57,-145.84
-66.15,-144.08
-65.52,-142.42
-64.99,-140.73
-64.23,-139.04
-63.85,-137.35
-63.23,-135.67
-62.82,-133.97
-62.16,-132.3
-61.64,-130.6
-61.13,-128.94
-60.62,-127.25
-60.06,-125.57
-59.37,-123.89
-58.9,-122.23
-58.3,-120.53
-58.03,-118.85
-57.41,-117.2
-56.98,-115.51
-56.45,-113.87
-55.98,-112.18
-55.35,-110.52
-54.95,-108.84
-54.31,-107.16
-53.79,-105.5
-53.44,-103.84
-52.83,-102.16
-52.43,-100.5
-51.72,-98.84
-51.21,-97.17
-50.74,-95.51
-50.11,-93.83
-49.71,-92.15
-49.18,-90.5
-48.44,-88.85
-48.02,-87.19
-47.39,-85.52
-46.74,-83.85
-46.14,-82.19
-45.74,-80.53
-45.14,-78.88
-44.56,-77.22
-43.98,-75.59
-43.29,-73.9
-42.73,-72.26
-42.22,-70.61
-41.59,-68.96
-40.83,-67.31
-40.3,-65.67
-39.63,-64.01
-39.09,-62.36
-38.45,-60.72
-38.0,-59.05
-37.22,-57.42
-36.69,-55.76
-36.11,-54.11
-35.46,-52.48
-34.99,-50.83
-34.41,-49.2
-33.72,-47.55
-33.01,-45.89
-32.38,-44.27
-31.87,-42.61
-31.24,-40.97
-30.69,-39.34
-30.04,-37.71
-29.35,-36.07
-28.81,-34.43
-28.21,-32.79
-27.41,-31.14
-26.94,-29.5
-26.34,-27.87
-25.58,-26.25
-25.13,-24.6
-24.33,-22.97
-23.84,-21.34
-23.08,-19.69
-22.61,-18.07
-21.83,-16.46
-21.34,-14.83
-20.63,-13.21
-20.09,-11.59
-19.31,-9.95
-18.75,-8.45
-18.29,-6.85
-17.66,-5.22
-17.04,-3.58
-16.35,-1.95
-15.77,-0.32
-15.23,1.32
-14.58,2.94
-13.87,4.58
-13.38,6.22
-12.73,7.84
-12.0,9.46
-11.37,11.08
-10.73,12.72
-10.21,14.36
-9.59,15.98
-8.9,17.6
-8.14,19.25
-7.45,20.89
-6.93,22.49
-6.2,24.12
-5.51,25.74
-4.86,27.37
-4.19,28.99
-3.5,30.63
-2.92,32.25
-1.85,33.72
-1.31,35.41
-0.65,37.05
-0.09,38.69
0.51,40.31
1.32,41.94
1.9,43.55
2.57,45.17
3.37,46.79
4.02,48.41
4.71,50.02
5.42,51.64
6.02,53.22
6.76,54.83
7.56,56.43
8.14,58.04
8.83,59.64
9.61,61.22
10.28,62.82
11.04,64.4
11.76,65.98
12.47,67.58
13.18,69.17
13.92,70.75
14.52,72.34
15.21,73.92
15.93,75.5
16.62,77.07
17.35,78.65
18.09,80.21
18.78,81.79
19.56,83.35
20.23,84.91
20.99,86.47
21.77,88.02
22.55,89.59
23.4,91.13
24.04,92.68
24.96,94.23
25.69,95.77
26.41,97.31
27.28,98.86
28.08,100.38
28.97,101.91
29.75,103.44
30.56,104.96
31.47,106.48
32.25,108.0
33.17,109.5
33.99,111.01
34.95,112.53
35.86,114.02
36.67,115.52
37.56,117.01
38.56,118.49
39.46,119.98
40.44,121.46
41.35,122.93
42.22,124.43
43.2,125.88
44.07,127.33
45.05,128.79
46.01,130.24
47.02,131.69
48.0,133.12
49.05,134.55
49.98,135.98
50.92,137.42
51.79,138.81
52.84,140.21
53.84,141.62
54.73,143.01
55.76,144.38
56.83,145.77
57.79,147.09
59.08,148.44
60.15,149.76
61.4,151.06
62.85,152.36
64.03,153.62
65.62,154.85
66.89,156.06
68.49,157.24
69.99,158.37
71.57,159.46
73.31,160.47
75.14,161.44
76.03,161.8
77.1,162.3
79.27,163.09
81.65,163.76
84.26,164.32
87.0,164.74
90.15,165.05
93.56,165.19
97.13,165.24
100.79,165.2
101.75,162.68
101.79,160.7
101.61,158.89
101.14,157.14
100.74,155.39
100.39,153.65
100.01,151.99
99.34,150.33
98.78,148.66
98.18,147.02
97.53,145.36
97.11,143.72
96.42,142.07
95.79,140.41
95.21,138.76
94.61,137.12
93.99,135.48
93.43,133.84
92.74,132.24
92.29,130.6
91.49,128.96
90.84,127.33
90.33,125.7
89.55,124.06
88.9,122.43
88.25,120.82
87.58,119.18
86.94,117.55
86.27,115.92
85.6,114.31
85.09,112.68
84.31,111.06
83.7,109.43
83.15,107.82
82.37,106.21
81.72,104.6
81.0,102.98
80.47,101.37
79.82,99.75
79.06,98.13
78.42,96.53
77.77,94.93
77.21,93.33
76.57,91.73
75.81,90.12
75.16,88.52
74.56,86.92
73.78,85.33
73.15,83.74
72.35,82.16
71.66,80.58
70.97,79.0
70.37,77.44
69.47,75.84
68.81,74.28
68.07,72.69
67.27,71.12
66.55,69.56
65.75,67.97
65.08,66.41
64.28,64.85
63.45,63.29
62.63,61.72
61.91,60.15
61.13,58.6
60.42,57.04
59.51,55.49
58.9,53.93
58.03,52.39
57.27,50.85
56.7,49.3
55.87,47.75
55.09,46.21
54.44,44.66
53.66,43.12
52.95,41.59
52.3,40.07
51.52,38.51
50.78,36.97
50.0,35.43
49.09,33.91
48.33,32.37
47.55,30.86
46.75,29.31
46.06,27.78
45.08,26.27
44.32,24.75
43.49,23.22
42.73,21.71
41.93,20.18
40.9,18.68
40.06,17.15
39.28,15.7
38.5,14.21
37.76,12.69
36.82,11.16
36.09,9.63
35.2,8.11
34.35,6.59
33.46,5.05
32.65,3.52
31.83,2.01
31.07,0.5
30.11,-1.03
29.26,-2.56
28.48,-4.08
27.61,-5.6
26.74,-7.13
26.03,-8.67
25.25,-10.19
24.4,-11.72
23.55,-13.24
22.75,-14.78
21.97,-16.3
21.12,-17.83
20.36,-19.34
19.52,-20.87
18.78,-22.41
17.98,-23.93
17.22,-25.46
16.35,-26.98
15.68,-28.51
14.88,-30.05
13.96,-31.59
13.16,-33.1
12.31,-34.62
11.49,-36.14
10.8,-37.69
9.99,-39.21
9.08,-40.75
8.37,-42.3
7.54,-43.81
6.6,-45.36
5.76,-46.89
4.95,-48.42
4.13,-49.96
3.3,-51.5
2.59,-53.04
1.76,-54.57
0.92,-56.1
0.76,-56.27
0.76,-48.14
1.07,-46.34
1.43,-44.52
1.65,-42.73
2.14,-40.95
2.45,-39.21
2.86,-37.45
3.41,-35.69
3.82,-33.94
4.13,-32.18
4.6,-30.43
4.93,-28.67
5.51,-26.94
5.93,-25.2
6.36,-23.46
6.74,-21.72
7.21,-20.01
7.7,-18.27
8.16,-16.54
8.48,-14.82
8.97,-13.08
9.41,-11.35
9.97,-9.65
10.42,-7.93
10.82,-6.2
11.4,-4.49
11.82,-2.77
12.25,-1.06
12.8,0.64
13.16,2.36
13.65,4.06
14.21,5.64
14.74,7.3
15.15,8.99
15.61,10.68
16.08,12.39
16.62,14.07
17.2,15.76
17.64,17.44
18.13,19.15
18.71,20.83
19.09,22.51
19.67,24.2
20.19,25.87
20.63,27.57
21.17,29.22
21.77,30.89
22.26,32.57
22.91,34.22
23.37,35.89
23.8,36.8
23.37,33.93
23.02,32.2
22.64,30.43
22.19,28.69
21.77,26.94
21.3,25.2
20.97,23.47
20.45,21.74
20.12,20.0
19.69,18.28
19.16,16.53
18.78,14.8
18.45,13.08
17.87,11.35
17.42,9.63
17.04,7.91
15.77,0.87
15.46,-0.91
15.08,-2.68
14.63,-4.45
14.34,-6.2
13.83,-7.95
13.56,-9.71
13.07,-11.46
12.71,-13.2
12.31,-14.96
12.0,-16.69
11.47,-18.43
11.15,-20.19
10.62,-21.92
10.19,-23.67
9.75,-25.4
9.37,-27.13
9.01,-28.86
8.45,-30.61
8.1,-32.34
7.67,-34.08
7.12,-35.81
6.76,-37.53
6.22,-39.27
5.76,-40.99
5.31,-42.71
4.95,-44.45
4.44,-46.15
3.9,-47.86
3.48,-49.58
2.92,-51.29
2.5,-52.99
1.92,-54.7
1.41,-56.4
0.87,-58.09
0.25,-59.77
-0.24,-61.45
-0.94,-63.12
-1.43,-64.77
-1.98,-66.43
-2.65,-68.07
-3.39,-69.7
-4.04,-71.31
-4.61,-72.92
-5.35,-74.53
-6.15,-76.13
-6.89,-77.71
-7.65,-79.3
-8.27,-80.87
-9.14,-82.42
-9.95,-83.98
-10.64,-85.53
-11.39,-87.08
-12.22,-88.61
-12.98,-90.16
-13.89,-91.7
-14.7,-93.24
-15.48,-94.77
-16.19,-96.29
-17.02,-97.81
-17.97,-99.31
-18.84,-100.8
-19.67,-102.29
-20.52,-103.78
-21.43,-105.29
-22.14,-106.76
-23.15,-108.26
-23.93,-109.75
-24.89,-111.25
-25.82,-112.71
-26.76,-114.18
-27.72,-115.64
-28.7,-117.08
-29.64,-118.53
-30.69,-119.98
-31.65,-121.42
-32.63,-122.87
-33.5,-124.3
-34.59,-125.74
-35.48,-127.17
-36.53,-128.6
-37.58,-130.02
-38.74,-131.44
-39.74,-132.84
-40.68,-134.25
-41.95,-135.64
-42.98,-137.05
-43.98,-138.44
-45.01,-139.82
-46.25,-141.2
-47.35,-142.56
-48.46,-143.93
-49.6,-145.28
-50.54,-146.62
-51.87,-147.96
-52.99,-149.29
-53.97,-150.6
-55.2,-151.89
-56.2,-153.19
-57.58,-154.48
-58.65,-155.72
-60.1,-156.93
-61.58,-158.13
-63.11,-159.3
-64.74,-160.43
-66.39,-161.52
-68.11,-162.54
-70.01,-163.5
-71.59,-164.27
-71.81,-164.42
-73.84,-165.21
-76.25,-165.9
-78.64,-166.51
-81.2,-167.0
-84.24,-167.38
-87.58,-167.62
-91.26,-167.68
-94.94,-167.71
-98.84,-167.65
-102.5,-167.54
-104.53,-164.63
-104.37,-152.87
-103.86,-151.13
-103.5,-149.39
-102.93,-147.64
-102.61,-145.91
-102.08,-144.24
-101.5,-142.56
-100.96,-140.9
-100.36,-139.21
-99.51,-137.56
-99.18,-135.9
-98.6,-134.24
-98.02,-132.57
-97.37,-130.91
-96.5,-129.25
-95.99,-127.6
-95.57,-125.95
-94.92,-124.31
-94.12,-122.66
-93.69,-121.01
-92.93,-119.36
-92.4,-117.72
-91.73,-116.05
-91.04,-114.44
-90.26,-112.8
-89.83,-111.14
-89.14,-109.52
-88.27,-107.9
-87.94,-106.25
-87.02,-104.62
-86.6,-103.0
-85.91,-101.37
-85.31,-99.74
-84.39,-98.12
-83.97,-96.5
-83.23,-94.88
-82.63,-93.27
-82.01,-91.65
-81.16,-90.02
-80.67,-88.41
-80.0,-86.81
-79.13,-85.21
-78.68,-83.6
-78.01,-82.0
-77.34,-80.41
-76.52,-78.81
-75.98,-77.22
-75.36,-75.63
-74.62,-74.05
-73.95,-72.47
-73.28,-70.89
-72.5,-69.31
-71.79,-67.73
-70.99,-66.15
-70.3,-64.56
-69.74,-63.0
-68.82,-61.43
-68.22,-59.87
-67.4,-58.3
-66.77,-56.75
-66.01,-55.19
-65.17,-53.63
-64.27,-52.07
-63.58,-50.51
-62.82,-48.99
-62.0,-47.44
-61.22,-45.91
-60.35,-44.37
-59.59,-42.84
-58.83,-41.3
-58.01,-39.77
-57.18,-38.25
-56.49,-36.73
-55.82,-35.21
-54.91,-33.69
-54.26,-32.2
-53.5,-30.69
-52.72,-29.17
-51.85,-27.68
-51.12,-26.18
-50.31,-24.66
-49.31,-23.17
-48.53,-21.67
-47.79,-20.29
-46.92,-18.78
-46.03,-17.27
-45.32,-15.78
-44.36,-14.28
-43.44,-12.78
-42.66,-11.28
-41.59,-9.81
-40.7,-8.3
-39.92,-6.8
-39.05,-5.34
-38.14,-3.84
-37.13,-2.36
-36.28,-0.87
-35.26,0.63
-34.48,2.11
-33.59,3.58
-32.56,5.07
-31.74,6.55
-30.78,8.01
-29.84,9.49
-28.97,10.97
-28.1,12.43
-27.03,13.92
-26.03,15.4
-25.2,16.86
-24.29,18.34
-23.46,19.8
-22.52,21.26
-21.59,22.71
-20.65,24.15
-19.69,25.61
-18.73,27.06
-17.84,28.52
-16.81,29.98
-15.94,31.45
-15.01,32.91
-14.14,34.38
-13.29,35.86
-12.24,37.31
-11.37,38.78
-10.37,40.24
-9.5,41.68
-8.41,43.14
-7.54,44.59
-6.58,46.06
-5.53,47.52
-4.66,49.0
-3.68,50.47
-2.47,51.85
-1.67,53.38
-0.82,54.87
0.18,56.36
1.14,57.81
2.17,59.29
3.06,60.75
4.06,62.22
5.06,63.69
5.91,65.16
6.85,66.63
7.92,68.11
8.74,69.55
9.79,71.04
10.64,72.48
11.64,73.95
12.6,75.41
13.45,76.88
14.48,78.33
15.39,79.8
16.33,81.24
17.17,82.71
18.07,84.16
18.96,85.61
19.9,87.06
20.81,88.51
21.77,90.0
22.73,91.4
23.64,92.85
24.74,94.27
25.78,95.71
26.74,97.14
27.84,98.56
28.84,99.96
29.89,101.38
30.91,102.78
31.92,104.2
32.99,105.6
33.99,107.0
35.15,108.39
36.18,109.78
37.31,111.16
38.38,112.54
39.59,113.92
40.75,115.27
41.82,116.68
42.98,118.01
44.14,119.36
45.34,120.71
46.37,122.06
47.48,123.4
48.69,124.71
49.87,126.04
50.94,127.36
52.21,128.66
53.26,129.96
54.44,131.24
55.54,132.52
56.76,133.8
58.01,135.07
59.24,136.31
60.55,137.55
61.96,138.78
63.41,140.01
64.84,141.22
66.33,142.41
67.89,143.59
69.3,144.75
70.77,145.92
72.24,147.06
73.82,148.19
75.38,149.26
77.1,150.32
78.71,151.37
80.34,152.37
82.12,153.34
84.08,154.28
86.02,155.18
86.27,155.21
88.23,155.99
90.57,156.77
92.8,157.49
95.32,158.13
97.98,158.7
100.68,159.2
101.23,149.0
100.83,147.26
100.32,145.52
99.92,143.87
99.4,142.23
98.71,140.57
98.13,138.93
97.64,137.26
96.95,135.63
96.33,133.99
95.75,132.35
95.21,130.73
94.68,129.1
93.87,127.47
93.41,125.84
92.76,124.2
91.93,122.58
91.31,120.95
90.68,119.33
89.99,117.71
89.35,116.08
88.72,114.45
88.21,112.83
87.43,111.21
86.76,109.58
86.2,107.95
85.47,106.34
84.75,104.73
84.17,103.1
83.44,101.48
82.79,99.88
82.12,98.27
81.52,96.65
80.83,95.05
80.16,93.43
79.56,91.8
78.91,90.22
78.24,88.6
77.64,87.0
77.06,85.38
76.32,83.77
75.61,82.18
74.98,80.58
74.31,78.98
73.71,77.4
72.93,75.82
72.22,74.23
71.5,72.66
70.79,71.06
70.08,69.5
69.52,67.93
68.74,66.34
68.0,64.78
67.22,63.2
66.4,61.64
65.75,60.06
64.84,58.5
64.08,56.93
63.34,55.37
62.61,53.8
61.71,52.26
61.04,50.7
60.15,49.13
59.35,47.59
58.68,46.04
57.88,44.49
57.14,42.96
56.43,41.41
55.69,39.87
54.93,38.31
54.22,36.8
53.66,35.25
52.73,33.71
51.97,32.17
51.21,30.67
50.45,29.15
49.63,27.63
48.8,26.12
48.15,24.61
47.22,23.1
46.41,21.59
45.54,20.09
44.79,18.6
43.96,17.18
43.18,15.67
42.15,14.17
41.46,12.65
40.53,11.17
39.54,9.69
38.7,8.18
37.76,6.69
36.93,5.2
35.98,3.72
35.04,2.23
34.19,0.76
33.32,-0.73
32.32,-2.21
31.34,-3.68
30.47,-5.16
29.62,-6.63
28.68,-8.1
27.72,-9.58
26.88,-11.07
25.87,-12.53
24.85,-14.01
24.0,-15.47
23.02,-16.93
22.19,-18.39
21.21,-19.84
20.41,-21.3
19.49,-22.76
18.56,-24.21
17.55,-25.66
16.64,-27.12
15.7,-28.56
14.83,-30.01
13.92,-31.45
12.96,-32.9
11.96,-34.32
11.0,-35.77
10.02,-37.21
9.06,-38.64
7.94,-40.08
7.07,-41.53
5.98,-42.95
4.98,-44.39
3.99,-45.83
2.99,-47.26
1.99,-48.69
0.94,-50.12
0.78,-50.27
0.05,-47.77
-0.4,-49.5
-0.89,-51.15
-1.69,-52.72
-2.5,-54.26
-3.57,-55.75
-4.44,-57.2
-5.51,-58.66
-6.44,-60.11
-7.36,-61.55
-8.52,-62.99
-9.52,-64.4
-10.48,-65.82
-11.62,-67.23
-12.58,-68.64
-13.56,-70.04
-14.58,-71.47
-15.72,-72.86
-16.68,-74.26
-17.71,-75.66
-18.75,-77.05
-19.83,-78.43
-20.78,-79.81
-21.77,-81.2
-22.97,-82.59
-24.26,-83.9
-25.24,-85.29
-26.38,-86.68
-27.32,-88.06
-28.57,-89.43
-29.75,-90.78
-30.84,-92.13
-32.0,-93.5
-33.07,-94.89
-34.19,-96.27
-35.21,-97.66
-36.42,-99.02
-37.47,-100.4
-38.6,-101.77
-39.7,-103.17
-40.97,-104.51
-42.06,-105.87
-43.13,-107.23
-44.36,-108.59
-45.5,-109.95
-46.66,-111.29
-47.82,-112.63
-48.84,-113.97
-50.07,-115.31
-51.12,-116.65
-52.36,-117.99
-53.46,-119.3
-54.53,-120.64
-55.49,-121.95
-56.76,-123.27
-57.83,-124.57
-59.1,-125.87
-60.13,-127.18
-61.35,-128.47
-62.82,-129.76
-64.12,-131.05
-65.5,-132.31
-66.68,-133.58
-68.07,-134.86
-69.29,-136.09
-70.74,-137.36
-72.1,-138.59
-73.22,-139.81
-74.67,-141.03
-75.89,-142.24
-77.43,-143.43
-78.88,-144.62
-80.35,-145.79
-81.92,-146.92
-83.45,-148.06
-84.9,-149.17
-86.47,-150.26
-88.32,-151.33
-90.08,-152.35
-92.2,-153.35
-94.03,-154.34
-95.83,-155.26
-96.99,-155.67
-97.88,-156.16
-100.23,-157.0
-102.41,-157.82
-104.8,-154.63
-104.64,-152.77
-104.11,-151.02
-103.64,-149.28
-103.37,-147.54
-102.81,-145.79
-102.21,-144.1
-101.61,-142.42
-101.3,-140.73
-100.49,-139.07
-100.14,-137.42
-99.54,-135.74
-98.93,-134.06
-98.2,-132.41
-97.82,-130.74
-97.08,-129.09
-96.52,-127.43
-95.92,-125.77
-95.1,-124.12
-94.58,-122.47
-94.05,-120.82
-93.25,-119.17
-92.82,-117.54
-92.2,-115.87
-91.35,-114.24
-90.95,-112.58
-90.17,-110.95
-89.41,-109.31
-89.05,-107.67
-88.38,-106.04
-87.74,-104.41
-87.11,-102.77
-86.4,-101.14
-85.8,-99.51
-85.15,-97.88
-84.37,-96.25
-83.61,-94.62
-83.21,-92.99
-82.41,-91.37
-81.87,-89.74
-81.07,-88.11
-80.44,-86.49
-80.0,-84.87
-79.33,-83.25
-78.48,-81.64
-78.01,-80.03
-77.3,-78.42
-76.72,-76.82
-76.16,-75.21
-75.54,-73.61
-74.78,-72.02
-74.11,-70.42
-73.44,-68.81
-72.84,-67.24
-72.13,-65.64
-71.39,-64.05
-70.72,-62.46
-69.87,-60.87
-69.32,-59.3
-68.45,-57.72
-67.93,-56.14
-67.2,-54.57
-66.44,-52.99
-65.52,-51.43
-64.74,-49.86
-64.14,-48.3
-63.25,-46.74
-62.49,-45.15
-61.8,-43.62
-60.95,-42.07
-60.22,-40.53
-59.41,-39.0
-58.68,-37.45
-57.99,-35.92
-57.18,-34.38
-56.49,-32.85
-55.75,-31.32
-55.02,-29.79
-54.1,-28.29
-53.41,-26.77
-52.72,-25.25
-51.92,-23.76
-51.14,-22.32
-50.27,-20.83
-49.53,-19.32
-48.64,-17.81
-47.95,-16.31
-47.08,-14.8
-46.3,-13.3
-45.3,-11.8
-44.56,-10.3
-43.53,-8.81
-42.51,-7.32
-41.79,-5.83
-40.83,-4.35
-39.99,-2.87
-39.05,-1.39
-38.0,0.1
-37.13,1.57
-36.15,3.04
-35.21,4.53
-34.26,6.0
-33.39,7.46
-32.58,8.92
-31.58,10.38
-30.49,11.85
-29.48,13.3
-28.7,14.74
-27.72,16.19
-26.72,17.63
-25.67,19.08
-24.69,20.51
-23.82,21.95
-22.75,23.38
-21.79,24.77
-20.74,26.18
-19.6,27.59
-18.55,29.01
-17.55,30.42
-16.59,31.82
-15.68,33.24
-14.65,34.64
-13.67,36.08
-12.55,37.48
-11.51,38.91
-10.53,40.31
-9.41,41.69
-8.32,43.1
-7.22,44.48
-6.13,45.89
-5.06,47.28
-4.01,48.67
-2.88,50.08
-2.01,49.57
0.07,53.44
2.59,57.03
5.35,60.59
7.94,64.1
10.75,67.55
13.34,71.03
16.08,74.47
18.67,77.9
21.32,81.34
24.07,84.76
27.01,88.16
29.75,91.54
32.7,94.92
35.55,98.29
38.56,101.64
41.55,104.96
44.54,108.29
47.6,111.58
50.56,114.85
53.33,118.1
56.34,121.3
59.33,124.47
62.67,127.6
66.29,130.68
69.68,133.72
73.18,136.73
76.86,139.66
80.58,142.49
84.62,145.23
88.92,147.81
93.78,150.15
94.16,150.19
99.0,152.24
104.65,153.96
111.4,155.18
118.9,155.9
127.44,156.15
136.96,156.0
136.32,141.53
134.91,137.42
133.3,133.31
131.79,129.26
130.14,125.22
128.49,121.17
126.9,117.15
125.08,113.11
123.56,109.09
121.86,105.08
120.15,101.07
118.32,97.09
116.62,93.11
114.91,89.15
113.19,85.18
111.38,81.26
109.71,77.36
107.88,73.47
105.76,69.63
103.78,65.78
101.9,61.95
99.78,58.15
97.69,54.36
95.55,50.59
93.36,46.85
91.13,43.16
88.74,39.49
86.38,35.9
84.04,32.26
81.7,28.67
79.24,25.08
76.81,21.53
74.34,17.97
71.77,14.48
69.12,11.01
66.33,7.55
63.52,4.12
60.62,0.7
57.9,-2.7
55.36,-6.08
52.73,-9.45
49.96,-12.79
47.06,-16.12
44.21,-19.43
41.22,-22.72
38.01,-26.02
34.95,-29.27
31.76,-32.52
28.66,-35.78
25.58,-39.03
22.57,-42.26
19.41,-45.5
16.42,-48.72
13.29,-51.96
10.24,-55.17
7.05,-58.4
3.86,-61.64
0.87,-64.55
-1.22,-63.9
-3.14,-67.76
-5.84,-71.33
-8.67,-74.78
-11.6,-78.14
-14.43,-81.48
-17.44,-84.74
-20.47,-88.0
-23.66,-91.17
-26.67,-94.42
-29.93,-97.6
-33.14,-100.85
-36.33,-104.08
-39.43,-107.33
-42.53,-110.55
-45.85,-113.75
-49.06,-116.95
-52.08,-120.1
-55.13,-123.24
-58.36,-126.35
-61.6,-129.44
-65.14,-132.45
-68.96,-135.44
-72.53,-138.4
-75.96,-141.28
-79.89,-144.07
-84.08,-146.78
-88.38,-149.34
-93.42,-151.76
-97.01,-153.31
-98.35,-154.01
-104.13,-155.97
-110.13,-157.63
-116.4,-159.02
-123.58,-160.1
-131.61,-160.94
-139.86,-161.61
-141.06,-151.23
-139.5,-146.86
-138.45,-142.68
-136.87,-138.55
-135.24,-134.43
-133.59,-130.33
-132.03,-126.24
-130.22,-122.19
-128.66,-118.12
-127.03,-114.07
-125.34,-110.03
-123.49,-105.98
-121.59,-101.95
-119.9,-97.94
-118.51,-93.92
-116.73,-89.93
-115.06,-85.97
-113.23,-82.01
-111.18,-78.1
-109.3,-74.18
-107.63,-70.26
-105.65,-66.39
-103.68,-62.56
-101.52,-58.72
-99.31,-54.91
-97.01,-51.13
-94.74,-47.37
-92.58,-43.67
-90.01,-40.01
-87.89,-36.43
-85.35,-32.82
-83.01,-29.22
-80.27,-25.66
-77.97,-22.13
-75.29,-18.61
-72.93,-15.13
-70.34,-11.67
-67.49,-8.23
-64.77,-4.82
-61.89,-1.41
-59.06,1.96
-56.22,5.31
-53.57,8.63
-50.78,11.93
-47.95,15.22
-44.8,18.5
-41.77,21.75
-38.49,25.0
-35.37,28.2
-32.18,31.42
-28.75,34.57
-25.51,37.71
-21.97,40.78
-18.44,43.73
-15.03,46.74
-11.73,49.8
-8.16,52.83
-4.5,55.83
-0.82,58.87
-0.13,59.34
1.14,57.85
3.35,61.69
6.13,65.07
9.52,68.25
12.83,71.38
16.17,74.46
19.54,77.49
22.86,80.55
26.41,83.58
29.93,86.59
33.48,89.63
37.07,92.64
40.7,95.61
44.23,98.64
47.82,101.62
51.3,104.6
54.62,107.53
58.06,110.47
61.8,113.36
65.71,116.19
69.72,119.03
73.53,121.84
77.41,124.59
81.43,127.26
85.71,129.89
90.35,132.42
95.1,134.74
99.87,137.07
100.16,137.17
105.07,139.13
110.62,140.95
116.67,142.5
123.47,143.64
131.01,144.58
137.21,136.42
135.74,132.23
134.17,128.15
132.66,124.08
130.96,120.0
129.45,115.96
127.77,111.89
126.26,107.86
124.41,103.83
122.71,99.8
121.19,95.78
119.37,91.76
117.56,87.77
116.02,83.77
114.26,79.77
112.59,75.8
110.82,71.86
109.22,67.92
107.43,64.01
105.43,60.11
103.51,56.27
101.61,52.39
99.65,48.57
97.51,44.75
95.46,40.99
93.41,37.31
91.24,33.56
88.97,29.83
86.65,26.13
84.24,22.47
81.9,18.84
79.6,15.23
77.06,11.66
74.54,8.14
72.13,4.63
69.34,1.17
66.51,-2.25
63.7,-5.67
60.75,-9.01
57.92,-12.39
55.13,-15.69
52.39,-18.98
49.45,-22.23
46.5,-25.46
43.27,-28.64
39.95,-31.79
36.62,-34.92
33.08,-38.03
29.71,-41.1
26.16,-44.16
22.8,-47.19
19.29,-50.22
15.9,-53.22
12.47,-56.19
8.83,-59.16
5.18,-62.16
1.45,-65.14
1.25,-65.14
-2.34,-68.13
-5.95,-71.18
-9.59,-74.13
-13.25,-77.07
-16.93,-79.94
-20.76,-82.78
-24.55,-85.64
-28.3,-88.5
-31.98,-91.41
-35.48,-94.41
-39.32,-97.43
-42.8,-100.4
-46.54,-103.41
-50.11,-106.36
-53.48,-109.33
-56.85,-112.28
-60.26,-115.22
-64.01,-118.13
-67.98,-121.02
-71.81,-123.88
-75.31,-126.69
-79.28,-129.5
-83.41,-132.24
-87.71,-134.91
-92.2,-137.52
-96.72,-140.02
-101.52,-142.4
-106.32,-144.49
-106.54,-144.61
-112.14,-146.66
-117.78,-148.5
-123.87,-150.11
-130.74,-151.47
-138.03,-152.61
-140.33,-136.73
-138.77,-132.52
-137.45,-128.38
-135.64,-124.24
-134.19,-120.15
-132.63,-116.05
-130.91,-111.97
-129.29,-107.89
-127.39,-103.82
-125.99,-99.77
-124.07,-95.71
-122.64,-91.63
-120.81,-87.62
-119.14,-83.6
-117.53,-79.61
-115.75,-75.6
-113.85,-71.64
-112.4,-67.68
-110.53,-63.72
-108.41,-59.81
-106.58,-55.9
-104.82,-52.02
-102.64,-48.16
-100.72,-44.32
-98.75,-40.57
-96.35,-36.78
-94.16,-33.02
-91.95,-29.32
-89.43,-25.64
-87.18,-21.98
-84.7,-18.39
-82.09,-14.82
-79.55,-11.28
-77.01,-7.77
-74.44,-4.3
-71.9,-0.86
-69.09,2.54
-66.17,5.9
-63.2,9.24
-60.15,12.53
-57.25,15.8
-54.46,19.03
-51.38,22.21
-48.28,25.4
-44.98,28.53
-41.59,31.66
-38.07,34.74
-34.68,37.82
-31.07,40.84
-27.32,43.8
-23.62,46.66
-19.71,49.43
-15.72,52.17
-11.89,54.95
-7.76,57.73
-3.75,60.52
-2.79,61.09
0.64,59.65
3.24,63.19
6.86,66.13
10.63,68.99
14.53,71.79
18.48,74.57
22.39,77.36
26.3,80.15
30.25,82.93
34.18,85.69
38.04,88.51
41.99,91.28
45.83,94.1
49.73,96.9
53.66,99.68
57.59,102.46
61.52,105.25
65.6,107.94
69.68,110.63
73.7,113.36
77.79,116.05
81.99,118.67
86.3,121.25
90.71,123.74
95.14,126.23
99.97,128.51
102.17,129.64
104.81,130.77
110.0,132.85
115.57,134.7
121.36,136.43
127.65,137.87
134.18,139.18
141.06,140.29
148.37,141.16
155.85,141.93
163.22,142.76
170.36,143.72
173.96,131.67
172.39,127.54
170.74,123.5
169.05,119.45
167.34,115.42
165.62,111.39
163.86,107.39
162.07,103.38
160.28,99.42
158.48,95.43
156.67,91.45
154.83,87.48
152.97,83.53
151.12,79.56
149.26,75.63
147.33,71.72
145.42,67.81
143.4,63.95
141.28,60.15
139.16,56.35
137.08,52.53
134.91,48.76
132.72,44.99
130.53,41.22
128.27,37.49
125.98,33.79
123.63,30.12
121.2,26.49
118.7,22.9
116.14,19.36
113.48,15.86
110.71,12.43
107.9,9.02
105.0,5.66
101.99,2.34
98.99,-0.94
95.81,-4.17
92.61,-7.35
89.37,-10.52
86.02,-13.63
82.65,-16.72
79.13,-19.73
75.61,-22.74
72.03,-25.71
68.39,-28.66
64.6,-31.51
60.81,-34.37
57.0,-37.23
53.16,-40.06
49.19,-42.83
45.24,-45.58
41.23,-48.31
37.13,-50.99
33.02,-53.67
28.89,-56.33
24.66,-58.96
20.48,-61.58
16.25,-64.19
11.98,-66.77
7.72,-69.38
3.43,-71.95
-0.03,-74.08
-0.07,-70.8
-1.93,-73.92
-4.76,-77.32
-8.45,-80.24
-12.53,-82.93
-16.8,-85.51
-21.18,-88.03
-25.6,-90.54
-29.85,-93.13
-33.95,-95.81
-37.92,-98.59
-41.88,-101.34
-45.86,-104.09
-49.79,-106.87
-53.86,-109.57
-57.81,-112.34
-61.82,-115.07
-65.86,-117.79
-69.99,-120.45
-74.15,-123.1
-78.34,-125.73
-82.63,-128.32
-87.06,-130.81
-91.63,-133.23
-96.28,-135.6
-99.02,-136.83
-101.21,-137.81
-106.41,-139.87
-111.91,-141.76
-117.82,-143.42
-123.98,-144.94
-130.53,-146.23
-137.44,-147.33
-144.59,-148.32
-152.04,-149.09
-159.76,-149.72
-167.41,-150.4
-174.41,-151.44
-173.6,-136.89
-172.13,-132.7
-170.64,-128.56
-169.12,-124.42
-167.57,-120.27
-165.98,-116.18
-164.36,-112.1
-162.74,-108.01
-161.1,-103.94
-159.47,-99.87
-157.81,-95.8
-156.16,-91.74
-154.45,-87.71
-152.73,-83.68
-150.95,-79.67
-149.21,-75.67
-147.35,-71.73
-145.49,-67.76
-143.54,-63.86
-141.44,-60.05
-139.49,-56.16
-137.49,-52.29
-135.44,-48.45
-133.34,-44.64
-131.16,-40.87
-128.92,-37.13
-126.67,-33.41
-124.27,-29.75
-121.87,-26.12
-119.32,-22.55
-116.7,-19.03
-114.02,-15.55
-111.27,-12.1
-108.41,-8.72
-105.54,-5.35
-102.55,-2.03
-99.5,1.26
-96.4,4.49
-93.18,7.66
-89.87,10.79
-86.51,13.89
-82.99,16.92
-79.49,19.94
-75.85,22.88
-72.25,25.86
-68.5,28.72
-64.65,31.55
-60.79,34.36
-56.84,37.13
-52.91,39.91
-48.81,42.59
-44.74,45.29
-40.57,47.93
-36.38,50.6
-32.16,53.19
-27.8,55.72
-23.27,58.18
-18.51,60.47
-13.5,62.64
-8.62,64.88
-3.81,67.16
-0.22,68.85
-1.81,61.01
-3.22,56.81
-4.67,52.63
-6.15,48.47
-7.69,44.34
-9.26,40.21
-10.86,36.13
-12.5,32.04
-14.15,28.0
-15.82,23.93
-17.58,19.92
-19.34,15.92
-21.13,11.93
-22.98,7.97
-24.85,4.04
-26.73,0.1
-28.71,-3.78
-30.71,-7.65
-32.71,-11.52
-39.38,-12.71
-38.06,-8.48
-36.56,-4.33
-35.06,-0.18
-33.45,3.92
-31.78,7.97
-30.11,12.02
-28.39,16.05
-26.66,20.07
-24.92,24.09
-23.15,28.08
-21.3,32.04
-19.46,36.01
-17.6,39.96
-15.63,43.87
-13.67,47.74
-11.6,51.57
-9.53,55.4
-7.43,59.21
-5.22,62.96
-2.88,66.63
-0.31,70.2
2.6,73.53
6.33,76.43
10.41,79.13
14.82,81.65
19.27,84.12
23.85,86.53
28.42,88.95
33.04,91.34
37.7,93.7
42.47,96.0
46.97,98.46
51.71,100.78
56.53,103.07
61.17,105.45
66.13,107.64
70.93,109.93
75.84,112.15
80.77,114.36
81.1,114.49
85.8,116.52
90.99,118.58
96.07,120.71
101.55,122.61
107.05,124.5
112.79,126.26
118.74,127.91
125.06,129.33
131.49,130.72
138.39,131.8
145.16,132.97
152.37,133.9
159.55,134.83
166.72,135.78
173.79,136.78
173.94,126.68
172.36,122.58
170.7,118.52
169.0,114.48
167.29,110.43
165.55,106.43
163.79,102.43
162.02,98.43
160.23,94.45
158.43,90.46
156.59,86.49
154.76,82.52
152.92,78.57
151.09,74.6
149.21,70.66
147.3,66.74
145.35,62.85
143.25,59.04
141.25,55.15
139.18,51.32
137.08,47.53
134.94,43.74
132.75,39.98
130.58,36.17
128.36,32.45
126.03,28.76
123.67,25.1
121.24,21.47
118.7,17.91
116.12,14.37
113.45,10.88
110.64,7.47
107.79,4.06
104.85,0.74
101.83,-2.55
98.71,-5.8
95.49,-8.98
92.28,-12.17
88.94,-15.27
85.56,-18.36
82.09,-21.4
78.56,-24.41
74.92,-27.35
71.24,-30.26
67.53,-33.17
63.65,-35.99
59.71,-38.76
55.83,-41.57
51.83,-44.3
47.74,-46.99
43.68,-49.69
39.49,-52.33
35.25,-54.93
30.97,-57.51
26.65,-60.06
22.29,-62.6
17.89,-65.11
13.44,-67.6
8.86,-70.02
4.36,-72.48
-0.33,-74.83
-4.64,-77.39
-9.17,-79.83
-13.82,-82.2
-18.68,-84.45
-23.6,-86.69
-28.28,-89.02
-32.8,-91.47
-37.21,-93.97
-41.56,-96.53
-46.0,-99.02
-50.35,-101.56
-52.62,-102.74
-55.22,-103.8
-59.22,-106.54
-63.53,-109.1
-68.01,-111.57
-72.55,-114.01
-77.01,-116.48
-81.65,-118.86
-86.28,-121.24
-90.99,-123.61
-95.75,-125.9
-99.21,-127.5
-100.62,-128.15
-105.69,-130.28
-110.84,-132.37
-116.2,-134.34
-121.63,-136.16
-121.7,-136.24
-127.55,-137.92
-133.56,-139.52
-139.77,-141.01
-146.28,-142.35
-152.88,-143.61
-159.76,-144.73
-166.86,-145.71
-173.48,-146.97
-174.27,-136.51
-173.0,-132.23
-171.51,-128.07
-170.0,-123.93
-168.45,-119.79
-166.86,-115.67
-165.26,-111.59
-163.62,-107.5
-162.02,-103.42
-160.38,-99.35
-158.73,-95.29
-157.07,-91.22
-155.4,-87.17
-153.71,-83.13
-151.97,-79.11
-150.21,-75.11
-148.42,-71.12
-146.59,-67.14
-144.49,-63.33
-142.63,-59.38
-140.68,-55.48
-138.71,-51.59
-136.7,-47.72
-134.66,-43.89
-132.56,-40.08
-130.35,-36.32
-128.13,-32.58
-125.82,-28.89
-123.39,-25.26
-120.89,-21.66
-118.32,-18.11
-115.67,-14.61
-112.91,-11.17
-110.1,-7.76
-107.17,-4.42
-104.23,-1.09
-101.14,2.17
-97.97,5.37
-94.73,8.54
-91.4,11.66
-87.99,14.73
-84.44,17.74
-80.84,20.7
-77.15,23.61
-73.44,26.52
-69.56,29.33
-65.63,32.1
-61.67,34.86
-57.6,37.58
-53.53,40.26
-49.26,42.84
-45.07,45.47
-40.76,48.04
-36.44,50.61
-32.08,53.14
-27.56,55.59
-22.98,58.0
-18.13,60.26
-17.15,60.68
-13.1,62.41
-7.64,64.32
-2.6,66.48
-1.4,60.78
-2.83,56.59
-4.27,52.41
-5.77,48.26
-7.31,44.12
-8.91,40.03
-10.51,35.92
-12.17,31.88
-13.84,27.82
-15.58,23.79
-17.36,19.78
-19.11,15.77
-20.92,11.81
-22.79,7.87
-24.72,3.96
-26.66,0.06
-28.66,-3.81
-30.7,-7.66
-32.7,-11.53
-37.45,-13.82
-36.14,-9.56
-34.75,-5.35
-33.3,-1.17
-31.8,3.0
-30.25,7.12
-28.7,11.23
-27.06,15.3
-25.42,19.37
-23.73,23.42
-21.98,27.42
-20.23,31.44
-18.46,35.45
-16.65,39.44
-14.86,43.41
-12.98,47.35
-11.03,51.24
-9.08,55.14
-6.95,58.93
-4.55,62.58
-1.76,66.0
1.21,69.32
4.46,72.48
8.33,75.3
12.86,77.75
17.6,80.07
22.44,82.33
27.3,84.58
32.27,86.77
37.16,89.01
42.14,91.19
46.9,93.5
52.0,95.63
56.96,97.81
61.95,100.01
67.32,101.97
72.37,104.11
77.63,106.14
81.8,107.64
83.04,108.08
88.58,109.97
94.25,111.74
100.19,113.38
106.29,114.93
112.6,116.37
119.1,117.69
125.91,118.86
132.84,119.94
139.92,120.94
146.82,122.04
153.97,122.99
161.16,123.95
168.07,125.02
174.89,126.16
181.48,127.46
188.08,128.71
194.92,129.86
203.33,119.72
203.38,119.97
207.62,122.68
208.33,112.25
206.64,108.2
204.88,104.2
203.11,100.2
201.26,96.24
199.44,92.28
197.58,88.33
